id,email
1,dubuque.maria@gmail.com
1,tate.harvey@towne.com
2,marietta.heidenreich@gmail.com
2,kurt70@yahoo.com
5,maggie.blanda@hotmail.com
6,kfranecki@hotmail.com
7,jarred12@reilly.com
8,umurphy@gmail.com
9,elnora.lynch@gmail.com
10,beaulah.konopelski@hotmail.com
11,bins.johnson@bednar.com
12,taryn.koelpin@yahoo.com
13,favian.treutel@yahoo.com
14,madilyn94@glover.org
15,hilpert.ashlee@sipes.com
16,lorenza.terry@hettinger.com
17,odell.stark@sauer.com
18,zkreiger@yahoo.com
19,keeling.aracely@conn.biz
20,edward.hauck@dach.net
21,ifriesen@yost.com
22,ewindler@waters.net
23,lura13@yahoo.com
24,wroberts@hotmail.com
25,bwelch@auer.info
26,mann.retta@yahoo.com
27,gquigley@hotmail.com
28,zachary15@lesch.com
29,mariah16@durgan.com
30,hziemann@gmail.com
31,malvina.koch@hotmail.com
32,schmitt.zita@wehner.com
33,maggio.emerald@johnson.com
34,noe76@yahoo.com
35,kilback.chloe@hotmail.com
36,orval.durgan@larson.info
37,kjenkins@lehner.info
38,rosemary.towne@hotmail.com
39,ykoelpin@yahoo.com
40,wilmer65@yahoo.com
41,deondre.padberg@champlin.com
42,misael.stark@hotmail.com
43,timothy.jones@marks.info
44,vgorczany@hotmail.com
45,sylvia.hessel@stroman.com
46,schuppe.jerad@gmail.com
47,donnell.hamill@hotmail.com
48,nettie48@swift.biz
49,frankie.goyette@ruecker.com
50,austen.abshire@hotmail.com
51,jenifer54@moore.com
52,ibatz@hotmail.com
53,erdman.caleb@hotmail.com
54,luciano.doyle@gmail.com
55,astreich@hotmail.com
56,kertzmann.gilberto@hills.biz
57,lawrence.kihn@hotmail.com
58,pswaniawski@huel.com
59,fay.kelsi@bauch.com
60,dickens.foster@hotmail.com
61,bashirian.caitlyn@yahoo.com
62,torn@maggio.com
63,ddouglas@stoltenberg.com
64,audie22@gmail.com
65,feil.ara@cassin.com
66,urath@rutherford.com
67,mueller.abel@prosacco.com
68,shanon.goodwin@oreilly.com
69,renner.jodie@williamson.com
70,egulgowski@turcotte.info
71,vkrajcik@bechtelar.info
72,schimmel.mustafa@yahoo.com
73,hills.cleveland@yahoo.com
74,danny.crooks@bahringer.com
75,swift.cornelius@yahoo.com
76,nakia.dubuque@purdy.com
77,uhoppe@ratke.info
78,hchristiansen@crooks.org
79,price.lilian@gmail.com
80,alexanne.bartoletti@gmail.com
81,rboehm@monahan.com
82,ellen42@cummerata.biz
83,eugenia36@hammes.info
84,helga.smitham@spinka.com
85,joanie16@gmail.com
86,xdaugherty@hotmail.com
87,nina91@marvin.biz
88,prosacco.precious@hotmail.com
89,durward.kunde@schroeder.com
90,justen.cormier@hotmail.com
91,beaulah48@conn.com
92,rick32@hotmail.com
93,brycen14@okeefe.net
94,qwintheiser@ritchie.com
95,janiya16@denesik.biz
96,rtillman@murazik.com
97,elisabeth.reinger@volkman.com
98,eleonore21@lang.biz
99,jevon30@parisian.com
100,parisian.demond@hilpert.com
101,sporer.tyrique@yahoo.com
102,libby.kreiger@bechtelar.net
103,ahintz@rohan.com
104,elvie95@hotmail.com
105,nellie48@kris.com
106,junius28@hessel.net
107,mhudson@cassin.com
108,russel67@gmail.com
109,langworth.velda@gutkowski.com
110,cfarrell@boehm.net
111,reichert.milton@gmail.com
112,hickle.billy@walsh.com
113,garnet88@yahoo.com
114,jast.silas@hotmail.com
115,zbarrows@walsh.biz
116,cummerata.iliana@boyle.com
117,glind@hotmail.com
118,florida90@stehr.com
119,hermiston.lawrence@hotmail.com
120,ktromp@stokes.com
121,ikrajcik@hotmail.com
122,cristal23@von.com
123,linda14@yahoo.com
124,rosalee40@gmail.com
125,ashley85@durgan.org
126,lowell17@yahoo.com
127,kautzer.lurline@hotmail.com
128,joelle05@mraz.com
129,thalia.rolfson@kuhlman.info
130,goyette.sammy@hotmail.com
131,jordon.klein@hotmail.com
132,wkoch@gmail.com
133,willms.francisco@gmail.com
134,guadalupe66@hotmail.com
135,ubarrows@gmail.com
136,nbashirian@stracke.biz
137,glenna.kutch@yahoo.com
138,orin97@hotmail.com
139,graham62@yahoo.com
140,haylie72@gmail.com
141,xherzog@donnelly.org
142,laurence.koelpin@kovacek.com
143,delores51@gmail.com
144,jessy.kerluke@green.com
145,wkoepp@hotmail.com
146,zane38@hyatt.com
147,ukassulke@hotmail.com
148,toy.scottie@schulist.com
149,obartoletti@yahoo.com
150,stoltenberg.luz@abbott.net
151,charles.emmerich@conroy.com
152,connelly.emiliano@gmail.com
153,yrippin@purdy.biz
154,sigmund.runolfsson@swaniawski.com
155,blanche.gottlieb@cassin.com
156,ian26@labadie.com
157,ramona23@gmail.com
158,edwin.ortiz@hotmail.com
159,erin12@yahoo.com
160,brigitte.morar@kiehn.info
161,torrey.stehr@yahoo.com
162,jast.addie@hills.com
163,nturner@cormier.com
164,ahmad80@tromp.info
165,hlesch@padberg.com
166,loma.heathcote@gmail.com
167,bernier.ignacio@gmail.com
168,sanford.garret@herzog.info
169,hwelch@yahoo.com
170,price.zander@wolff.com
171,misael61@adams.com
172,brennan95@hotmail.com
173,darryl46@hotmail.com
174,ndurgan@gmail.com
175,cgrady@purdy.com
176,marcos25@yahoo.com
177,shad.rau@kuhn.com
178,uleuschke@gleason.info
179,greenholt.ansley@marvin.info
180,whand@gmail.com
181,amiya.lockman@gmail.com
182,mariana.schaden@gmail.com
183,emelia.wintheiser@terry.net
184,ykiehn@yahoo.com
185,zhoeger@yahoo.com
186,kris.andreanne@hills.com
187,cassandre69@gmail.com
188,nikolaus.annetta@nicolas.info
189,qsporer@gmail.com
190,rhegmann@kihn.com
191,balistreri.luigi@schulist.info
192,grady.prosacco@hotmail.com
193,efeil@ankunding.org
194,hdooley@harber.com
195,iberge@hotmail.com
196,therese09@yahoo.com
197,toney.nader@fritsch.com
198,ogutkowski@marquardt.com
199,skiles.stephon@bechtelar.com
200,itzel54@schamberger.com
201,ralph65@schulist.com
202,laron.stehr@jacobson.com
203,trinity.leffler@kunze.com
204,ycorkery@emmerich.org
205,gschuster@yahoo.com
206,crystal.little@daugherty.net
207,chackett@nikolaus.com
208,victoria.wisoky@stanton.com
209,parker.mae@gmail.com
210,ahmed.farrell@gmail.com
211,upton.loren@yahoo.com
212,hhartmann@gmail.com
213,yrunolfsson@gmail.com
214,laney.oconnell@hotmail.com
215,blaise08@hotmail.com
216,alisha.bechtelar@gislason.com
217,gracie.torphy@bode.org
218,kira31@kunde.com
219,kub.wilfrid@bartoletti.org
220,malinda.mitchell@gmail.com
221,lesch.catharine@hotmail.com
222,general81@hotmail.com
223,acrona@grady.net
224,elnora13@marquardt.biz
225,ddibbert@rogahn.com
226,ndonnelly@gutmann.com
227,walter.darrin@collier.com
228,oleta.sauer@hotmail.com
229,idavis@yahoo.com
230,nelda.kautzer@lemke.com
231,katlyn91@hotmail.com
232,stephania.collins@kuhn.com
233,klocko.caleb@larson.info
234,oprosacco@gmail.com
235,elwyn57@swaniawski.net
236,sporer.cody@gmail.com
237,brett32@yahoo.com
238,huel.micaela@hotmail.com
239,burnice.kovacek@walter.com
240,eldora71@bayer.org
241,leonard.hayes@homenick.com
242,raina01@yahoo.com
243,lcrist@hotmail.com
244,oschuster@kuhlman.com
245,veda90@feeney.org
246,nedra.aufderhar@schiller.org
247,tabbott@hotmail.com
248,shanie.kub@gmail.com
249,ijohnson@gmail.com
250,slockman@yahoo.com
251,kparker@beer.org
252,kade.harris@gmail.com
253,imann@yahoo.com
254,stiedemann.dashawn@block.org
255,beahan.shirley@gmail.com
256,beatty.taya@shanahan.com
257,ron10@emard.com
258,joaquin34@hotmail.com
259,leonard21@waelchi.com
260,qorn@gmail.com
261,freddy.pouros@yahoo.com
262,judah.rice@hotmail.com
263,sbalistreri@homenick.com
264,leffler.brandon@senger.com
265,myrtie10@kohler.com
266,bryce16@greenholt.biz
267,willie.gutkowski@gmail.com
268,zora.bradtke@keebler.com
269,kgleason@parisian.com
270,nellie.ankunding@yahoo.com
271,raynor.hazel@hotmail.com
272,cdooley@yahoo.com
273,althea37@hotmail.com
274,wade53@hotmail.com
275,conor11@lehner.com
276,osbaldo.ward@yahoo.com
277,lonie.swift@beer.com
278,arlo14@wilderman.com
279,amanda.haley@predovic.com
280,leann.rempel@hotmail.com
281,harmon57@yahoo.com
282,umorissette@purdy.net
283,ykrajcik@schuster.com
284,lwest@luettgen.biz
285,botsford.antwon@gmail.com
286,sleannon@gmail.com
287,jacynthe33@gmail.com
288,ahowell@yahoo.com
289,tess41@yahoo.com
290,evelyn.dietrich@blanda.com
291,alfonso.raynor@hirthe.com
292,zboncak.daisy@osinski.com
293,tevin02@yahoo.com
294,zdaugherty@shields.com
295,auer.german@osinski.com
296,donnelly.noel@yahoo.com
297,zhomenick@bernhard.net
298,annette.huel@harvey.biz
299,judson74@gmail.com
300,sdaniel@hotmail.com
301,milan.walter@medhurst.com
302,kavon.kuvalis@mclaughlin.com
303,stark.lester@gmail.com
304,rosamond87@gmail.com
305,oconner.kayli@hotmail.com
306,diego63@block.info
307,ceasar.lubowitz@hotmail.com
308,cabbott@hotmail.com
309,sophie74@leuschke.com
310,chesley98@hotmail.com
311,alexandrea.walsh@bosco.com
312,myrtis.marks@ankunding.org
313,toby.bosco@gmail.com
314,laura.flatley@huels.biz
315,mohammed.breitenberg@hotmail.com
316,vaufderhar@yahoo.com
317,sigrid.kuhlman@parisian.com
318,enos64@ebert.org
319,zgulgowski@gmail.com
320,lessie.okon@hotmail.com
321,akuhlman@hotmail.com
322,deion.goyette@yahoo.com
323,rschneider@gmail.com
324,pdicki@runolfsson.com
325,rempel.leta@gmail.com
326,myrtle.ankunding@raynor.com
327,rosetta.glover@upton.biz
328,justus.herzog@yahoo.com
329,hilma.rice@gerhold.biz
330,cletus.kulas@okeefe.net
331,nikolaus.charlene@schuppe.com
332,aylin78@marks.com
333,mateo.hodkiewicz@hotmail.com
334,whermiston@yahoo.com
335,yortiz@dietrich.biz
336,logan80@schulist.org
337,webster21@hotmail.com
338,wankunding@yahoo.com
339,dickinson.alexandre@gleichner.biz
340,lynch.shanel@hotmail.com
341,christa.kuphal@powlowski.net
342,weston.spinka@yahoo.com
343,halvorson.arvilla@gmail.com
344,scrist@gislason.biz
345,ymorissette@parker.com
346,angelita.rolfson@connelly.com
347,hbarrows@rogahn.net
348,stephon.muller@bailey.com
349,lmacejkovic@gmail.com
350,kozey.pierre@kozey.com
351,kamron30@cormier.com
352,lemke.edward@hirthe.com
353,jerde.khalid@yahoo.com
354,lauretta96@abbott.net
355,cindy19@gmail.com
356,robyn.bosco@hotmail.com
357,aniyah.kuhn@hotmail.com
358,constance72@wilderman.com
359,hollis50@hansen.com
360,carroll.farrell@johnston.net
361,stephanie.schamberger@ankunding.net
362,marcelino.corkery@harber.info
363,mohammed18@hotmail.com
364,lincoln.dibbert@gmail.com
365,xstokes@gmail.com
366,cmaggio@hotmail.com
367,mayer.germaine@gmail.com
368,abigail.prosacco@yahoo.com
369,kessler.micaela@gmail.com
370,octavia86@hotmail.com
371,oharris@hotmail.com
372,melyssa59@gmail.com
373,smith.karen@muller.com
374,maribel21@hansen.biz
375,vergie.bogan@hotmail.com
376,osvaldo99@hotmail.com
377,perry.terry@bogisich.com
378,easter.hessel@hotmail.com
379,satterfield.paolo@kemmer.net
380,elisabeth60@gmail.com
381,yschmitt@reinger.biz
382,ibeatty@herman.com
383,lemke.garry@yahoo.com
384,jerad47@hotmail.com
385,rodriguez.pansy@hotmail.com
386,mayer.helen@auer.com
387,lacey19@hotmail.com
388,zstehr@towne.com
389,johnpaul02@feeney.com
390,schuppe.tina@reichel.com
391,elna22@lemke.com
392,kirstin.hermiston@gmail.com
393,cleveland97@hotmail.com
394,schowalter.alyce@hotmail.com
395,howell.wolff@prohaska.com
396,ngerhold@gmail.com
397,kianna.davis@yahoo.com
398,alexzander03@yahoo.com
399,watsica.gavin@lubowitz.org
400,dickinson.garnet@reinger.biz
401,helen37@schultz.com
402,leola33@gmail.com
403,utromp@hotmail.com
404,swill@yahoo.com
405,nelda.swift@weber.net
406,paxton17@roberts.com
407,maye.kreiger@yahoo.com
408,kreiger.brendan@breitenberg.com
409,stokes.morris@gmail.com
410,ocummings@yahoo.com
411,kunze.hiram@gleichner.com
412,gay.glover@gmail.com
413,luettgen.jennings@osinski.com
414,nasir84@spinka.org
415,xziemann@kilback.com
416,hwalter@yahoo.com
417,jakubowski.terrance@gmail.com
418,htoy@monahan.net
419,hipolito46@lubowitz.com
420,uriah81@hotmail.com
421,adolph36@gmail.com
422,uboyer@yahoo.com
423,swelch@von.net
424,ephraim.treutel@konopelski.com
425,tiffany31@gleichner.com
426,gauer@hotmail.com
427,aadams@hotmail.com
428,aliyah45@hotmail.com
429,lang.ewell@gmail.com
430,roberts.virgil@gmail.com
431,kody26@rowe.com
432,qhowell@gmail.com
433,charlotte37@gutkowski.biz
434,rschmeler@hermann.com
435,vance.koelpin@macejkovic.info
436,stan31@cartwright.biz
437,fstiedemann@hotmail.com
438,laverne17@hotmail.com
439,uhettinger@white.com
440,arianna04@connelly.org
441,lulu.hayes@mertz.com
442,dee.mckenzie@yahoo.com
443,queenie.schiller@hoppe.biz
444,xkertzmann@yahoo.com
445,myra.bradtke@yahoo.com
446,rosa60@gmail.com
447,prohaska.monique@lebsack.org
448,bednar.elwin@gmail.com
449,tabitha.heaney@hotmail.com
450,qmohr@ritchie.com
451,conner.pfeffer@yahoo.com
452,katlyn.huels@yahoo.com
453,rachelle.pagac@yahoo.com
454,zheaney@shields.com
455,blarkin@rempel.info
456,adah49@padberg.com
457,aisha.mills@gmail.com
458,forrest.mann@hotmail.com
459,francis.blanda@yahoo.com
460,jefferey39@hotmail.com
461,ellie24@kiehn.com
462,leuschke.theresa@yahoo.com
463,jimmie.bailey@gleichner.info
464,hudson.blanda@crooks.com
465,turner.lexie@fritsch.com
466,kihn.foster@yahoo.com
467,sheridan39@murphy.net
468,anais49@gmail.com
469,sterling.thiel@gmail.com
470,jmcclure@herzog.biz
471,darrel.blanda@hotmail.com
472,little.angie@hane.org
473,buster.russel@hegmann.com
474,jana.nader@bins.com
475,jstanton@johnston.com
476,hand.tatyana@gmail.com
477,vern.waelchi@smitham.com
478,gavin96@hotmail.com
479,vpouros@yahoo.com
480,ybartell@yahoo.com
481,ellen.morissette@yahoo.com
482,brielle43@willms.org
483,marilou.ratke@prosacco.com
484,amie.lemke@lind.com
485,lenna.hermiston@hotmail.com
486,madeline89@damore.com
487,nettie25@ebert.biz
488,stacey.miller@yahoo.com
489,everette.koch@orn.info
490,ortiz.nyasia@gmail.com
491,gbauch@orn.info
492,zkuhn@stanton.com
493,heller.brenna@goldner.com
494,lois.brekke@hotmail.com
495,moen.justus@hand.info
496,dahlia.beahan@hermiston.com
497,von.adriana@yahoo.com
498,kreiger.sylvan@pfannerstill.com
499,caterina.vonrueden@oconnell.com
500,hegmann.zechariah@yahoo.com
501,simone.mcdermott@kuhic.org
502,anais.johns@gmail.com
503,sgerhold@gmail.com
504,lazaro.dach@kerluke.com
505,eboyer@gibson.info
506,elyse94@quigley.com
507,xander.kutch@kuhlman.org
508,oleta26@koch.com
509,lakin.muriel@hand.com
510,ebert.cielo@oconnell.net
511,sienna.leannon@gmail.com
512,shawn.cassin@yahoo.com
513,shemar.stehr@cole.com
514,osborne77@gmail.com
515,opal.mclaughlin@koss.biz
516,alfred.volkman@gmail.com
517,audrey.denesik@hotmail.com
518,nmitchell@yahoo.com
519,schinner.marguerite@hotmail.com
520,okeefe.kailyn@swift.com
521,xdach@cronin.net
522,eldon21@hotmail.com
523,rebecca45@gmail.com
524,mathias39@hahn.com
525,jules53@hackett.biz
526,ludwig93@emard.com
527,mohr.thelma@yahoo.com
528,susie.graham@boyle.net
529,brakus.marshall@fay.biz
530,aquitzon@yahoo.com
531,ofadel@gleason.com
532,cmedhurst@yahoo.com
533,casey.lesch@yahoo.com
534,jerry.oconner@yahoo.com
535,pfisher@hotmail.com
536,hubert.thiel@kub.info
537,reilly.maureen@hotmail.com
538,hyatt.jaime@gmail.com
539,glynch@baumbach.com
540,rafaela19@gmail.com
541,feil.alicia@rutherford.biz
542,kaci.collier@jacobson.biz
543,kiana26@yahoo.com
544,darby98@hotmail.com
545,kihn.ayden@beahan.biz
546,zmcglynn@yahoo.com
547,americo.quigley@yahoo.com
548,hertha.waters@luettgen.com
549,otoy@yahoo.com
550,clarabelle74@treutel.com
551,fnikolaus@yahoo.com
552,miles.rowe@schaefer.org
553,emerald33@miller.com
554,alessandro52@hotmail.com
555,wolff.everette@gibson.org
556,nash.feest@eichmann.com
557,xmiller@shanahan.com
558,cmcglynn@waters.net
559,darrell77@douglas.net
560,heath57@gmail.com
561,stacy66@yahoo.com
562,betsy.kiehn@hoeger.com
563,littel.rosa@hotmail.com
564,lucile64@wilkinson.com
565,kole78@boyle.com
566,jgoodwin@walsh.com
567,vernie.halvorson@hotmail.com
568,tevin.schulist@hotmail.com
569,khermann@gmail.com
570,hansen.ike@fay.com
571,hgrant@gmail.com
572,noah24@gmail.com
573,prohaska.vivienne@yahoo.com
574,monserrate67@yahoo.com
575,ocronin@hotmail.com
576,eldridge38@prohaska.com
577,pierre17@hotmail.com
578,adele43@cole.com
579,strosin.annetta@watsica.com
580,oberbrunner.sabryna@yahoo.com
581,tromp.tiffany@gmail.com
582,germaine.toy@hotmail.com
583,jenifer.ebert@gmail.com
584,kaci98@gislason.org
585,reilly.clinton@bradtke.biz
586,toby40@gmail.com
587,rodrigo12@jacobson.com
588,mraz.lessie@gmail.com
589,tmorar@gmail.com
590,emory09@gmail.com
591,nyah.schamberger@mraz.com
592,preinger@wisoky.info
593,mylene72@hand.com
594,sklocko@yahoo.com
595,loraine87@gmail.com
596,koelpin.isabelle@bashirian.com
597,nikita04@barrows.biz
598,lorenzo16@waelchi.com
599,lorenzo21@gmail.com
600,isidro.kohler@koepp.com
601,murphy.gudrun@gmail.com
602,schiller.gregoria@pacocha.com
603,kmohr@cormier.com
604,shaina67@kuhn.com
605,xjenkins@gmail.com
606,tcorwin@botsford.info
607,corine73@bins.com
608,agustina.altenwerth@yahoo.com
609,sheridan.cremin@corwin.com
610,habshire@gmail.com
611,jasmin57@runolfsson.com
612,braun.dannie@yahoo.com
613,blanca30@pagac.org
614,ferry.eulah@yahoo.com
615,parisian.zora@yahoo.com
616,orin.okeefe@gmail.com
617,onie07@wunsch.net
618,rsipes@dickens.org
619,jerry.roob@yahoo.com
620,clare.effertz@schmitt.com
621,asenger@hirthe.info
622,gilbert72@yahoo.com
623,udeckow@grant.com
624,lorenz91@gmail.com
625,brooks.olson@gmail.com
626,bwyman@toy.org
627,anderson.mary@gmail.com
628,apfeffer@kunze.com
629,daisy.wisoky@yahoo.com
630,borer.durward@wiza.com
631,jacklyn.schmitt@yahoo.com
632,cara28@gmail.com
633,olen.oberbrunner@parker.com
634,kozey.henri@dubuque.info
635,lela.lemke@jakubowski.com
636,althea34@dickinson.net
637,estevan89@ohara.org
638,cbergstrom@ritchie.com
639,kale95@gmail.com
640,jalyn38@gmail.com
641,terrill.jones@willms.net
642,reanna93@larkin.com
643,adaline90@lowe.com
644,ischinner@kuphal.com
645,stanton.cortez@konopelski.org
646,barton60@haley.org
647,monroe45@yahoo.com
648,ahmad08@spinka.info
649,doyle.petra@yahoo.com
650,makenna.thiel@hotmail.com
651,deion04@hotmail.com
652,lincoln25@nienow.info
653,roberta96@nicolas.info
654,kole95@abernathy.com
655,wpagac@mitchell.com
656,ethelyn.nitzsche@lang.biz
657,oparker@yahoo.com
658,baby24@sawayn.com
659,rhea66@little.com
660,kyra.welch@considine.com
661,gonzalo56@rutherford.net
662,angie85@yahoo.com
663,eokon@cassin.com
664,garret.erdman@gmail.com
665,abdul42@yahoo.com
666,eloy.welch@lynch.com
667,vinnie.funk@gmail.com
668,rwill@glover.com
669,qgibson@gmail.com
670,qhamill@ziemann.com
671,hailey70@hotmail.com
672,penelope74@gmail.com
673,davion.berge@hotmail.com
674,giovani.steuber@walsh.com
675,casper.juvenal@reilly.com
676,esmeralda.homenick@hotmail.com
677,gilda65@yahoo.com
678,cziemann@orn.biz
679,eduardo.pfeffer@gmail.com
680,hauck.delphia@zemlak.biz
681,dickens.verlie@kessler.com
682,joanny92@paucek.org
683,tdaugherty@yahoo.com
684,adriana.stark@jones.com
685,kimberly.reilly@graham.info
686,nhackett@dooley.com
687,devan74@bergstrom.com
688,rocky.senger@walsh.com
689,trent18@waters.com
690,jayda21@champlin.info
691,uschuppe@russel.com
692,vandervort.moshe@kunze.com
693,elouise.reichert@hotmail.com
694,nelda96@yahoo.com
695,kebert@wolff.com
696,anya50@anderson.info
697,rachael99@yahoo.com
698,ettie.hill@yahoo.com
699,donnelly.zoey@collins.biz
700,qschulist@yost.net
701,felicita18@hessel.com
702,jaiden.hermann@hotmail.com
703,harvey.rhett@yahoo.com
704,gabbott@yundt.com
705,kmante@schneider.info
706,xboyer@hotmail.com
707,mateo33@friesen.info
708,uhowell@hotmail.com
709,kristoffer.ziemann@yahoo.com
710,mann.jairo@yahoo.com
711,dana.kozey@yahoo.com
712,xreinger@gmail.com
713,lawson62@gmail.com
714,francesco.crona@zulauf.info
715,jedediah89@nicolas.com
716,federico12@morar.net
717,caleb57@hotmail.com
718,halvorson.wanda@hotmail.com
719,willms.hardy@wisoky.net
720,qwalsh@skiles.org
721,lwolff@hotmail.com
722,leonie.stamm@gmail.com
723,zena04@hotmail.com
724,rosalia.gusikowski@fisher.com
725,johnson.priscilla@damore.com
726,hammes.sasha@hayes.com
727,howe.elyse@hotmail.com
728,murazik.daphney@abshire.com
729,keaton75@langworth.com
730,mfeest@mccullough.org
731,parker.hertha@gmail.com
732,friesen.kacie@gmail.com
733,sven85@bayer.com
734,annamarie.dickinson@yahoo.com
735,vkunze@hotmail.com
736,mohr.carmine@yahoo.com
737,lmorissette@emard.biz
738,humberto52@yahoo.com
739,bernhard.rosalia@yahoo.com
740,tebert@hill.com
741,newell82@hotmail.com
742,tauer@gmail.com
743,ipaucek@yahoo.com
744,stanton.reymundo@yahoo.com
745,pdicki@hotmail.com
746,qmoen@hotmail.com
747,kailyn.bernier@hotmail.com
748,rwilliamson@bergstrom.info
749,price90@gmail.com
750,vfeeney@runolfsson.net
751,davion44@daugherty.info
752,delores.turner@yahoo.com
753,jake37@yahoo.com
754,irwin.koelpin@swaniawski.com
755,efren96@hotmail.com
756,elinor.gutkowski@hotmail.com
757,rharris@gmail.com
758,valentina38@blick.com
759,mharris@daugherty.com
760,wendy31@wunsch.biz
761,boyle.ronaldo@hotmail.com
762,ylynch@gmail.com
763,max.orn@gmail.com
764,jgreenfelder@hotmail.com
765,hlehner@yahoo.com
766,orpha.murphy@kassulke.biz
767,sylvia.kilback@hotmail.com
768,itreutel@gmail.com
769,ekilback@mann.net
770,cmedhurst@bernier.biz
771,lynch.mallie@hotmail.com
772,rippin.raymundo@carter.info
773,sfisher@walter.org
774,leola61@harris.com
775,parker.soledad@keeling.com
776,heaney.roberta@mante.com
777,gaetano.halvorson@marvin.net
778,vella29@kautzer.biz
779,ray.waelchi@fay.com
780,glenna.klein@nolan.com
781,rosalyn88@gmail.com
782,leffler.raheem@hotmail.com
783,duncan.pagac@weissnat.com
784,johnson.cathrine@hotmail.com
785,nyasia.dietrich@hotmail.com
786,grimes.jalyn@schaden.org
787,cterry@wintheiser.com
788,hayes.trystan@yahoo.com
789,zemlak.thurman@bartell.com
790,considine.armand@hotmail.com
791,glover.cali@pfannerstill.com
792,jamison.nader@dicki.com
793,elise.kertzmann@gmail.com
794,steve33@senger.com
795,spencer85@stanton.com
796,anya44@wisozk.com
797,emmitt.gerlach@yahoo.com
798,osmitham@hotmail.com
799,windler.esperanza@gmail.com
800,rodrick49@schultz.biz
801,agraham@sawayn.org
802,micaela.sanford@zulauf.com
803,bogisich.dayton@barrows.com
804,tess14@gmail.com
805,bogan.remington@durgan.com
806,schamberger.eveline@hotmail.com
807,alex23@schoen.com
808,nicolas.ted@gmail.com
809,gruecker@yahoo.com
810,cbarrows@howe.biz
811,claire.cormier@kilback.com
812,marty87@bailey.com
813,ksmith@yahoo.com
814,pschultz@nikolaus.biz
815,reid.murray@gmail.com
816,iziemann@yahoo.com
817,rcartwright@toy.com
818,vmohr@smith.com
819,lklein@zulauf.org
820,rpurdy@schultz.biz
821,koepp.kennedy@hotmail.com
822,arielle64@yahoo.com
823,abigail22@rempel.com
824,nitzsche.stephania@stiedemann.com
825,stephen04@hotmail.com
826,konopelski.marlee@yahoo.com
827,deon.johnston@hotmail.com
828,elmo41@parisian.com
829,ykunde@gmail.com
830,roy23@nader.com
831,vstehr@yahoo.com
832,nlemke@gmail.com
833,pblanda@yahoo.com
834,queen.christiansen@parisian.com
835,steve95@hotmail.com
836,bbailey@boehm.com
837,hackett.zoie@yahoo.com
838,rmckenzie@murazik.com
839,fmosciski@hotmail.com
840,ubauch@yahoo.com
841,meaghan.purdy@hotmail.com
842,elijah39@ullrich.com
843,qkessler@oconnell.info
844,lee44@hotmail.com
845,bradtke.mitchel@oconnell.biz
846,rice.tomas@grady.com
847,torphy.matilde@gmail.com
848,gprice@hotmail.com
849,bauch.josie@hotmail.com
850,sanford87@boyer.net
851,ayana98@yahoo.com
852,hilpert.diego@blanda.biz
853,chauck@mertz.org
854,jayne83@hotmail.com
855,suzanne.johnston@gmail.com
856,gussie16@haley.info
857,kemmer.loren@hotmail.com
858,hackett.jordon@mayert.com
859,jacobson.deangelo@hotmail.com
860,gstreich@romaguera.com
861,immanuel.brekke@hotmail.com
862,hailey60@gmail.com
863,rcole@hotmail.com
864,greenfelder.antonia@hotmail.com
865,modesta.swaniawski@gmail.com
866,brendan88@hotmail.com
867,kurtis.bailey@rempel.info
868,urenner@green.org
869,jlangosh@kub.com
870,ebins@gmail.com
871,xjohns@yahoo.com
872,qwalsh@hotmail.com
873,yasmine03@hotmail.com
874,nicolas.kenton@mcglynn.com
875,gtorp@wilderman.org
876,cheaney@waelchi.com
877,kaitlin.beier@bahringer.com
878,wiza.mathew@gmail.com
879,eunice.boehm@kovacek.com
880,yherzog@hotmail.com
881,hherzog@yahoo.com
882,theron.klocko@yahoo.com
883,rachelle48@wehner.com
884,willie.satterfield@cole.com
885,roberts.rozella@fay.com
886,amani26@lueilwitz.com
887,annette45@harvey.com
888,ebahringer@ruecker.com
889,russel.josefa@yahoo.com
890,meredith.bradtke@nitzsche.info
891,dparisian@sporer.net
892,schumm.carmelo@ferry.info
893,leannon.irwin@kunze.com
894,karine.dickens@gmail.com
895,ipadberg@durgan.com
896,remington.hansen@yahoo.com
897,terry.shannon@hotmail.com
898,ayla31@hotmail.com
899,pwest@roob.net
900,linwood.shanahan@yahoo.com
901,wyman.jayden@bahringer.com
902,jacklyn13@gmail.com
903,econnelly@crist.com
904,vanessa.kihn@hill.com
905,gayle.steuber@hotmail.com
906,lambert99@von.org
907,shane.schoen@monahan.org
908,elias31@yahoo.com
909,kaelyn.leuschke@gmail.com
910,medhurst.jerome@gmail.com
911,oda05@hotmail.com
912,kovacek.mikayla@yahoo.com
913,jleannon@hotmail.com
914,donnelly.brycen@gmail.com
915,hoyt.lind@huel.com
916,ekuhn@dicki.com
917,julia04@hotmail.com
918,velva.berge@hilpert.info
919,conn.olen@glover.biz
920,althea65@osinski.org
921,hborer@hotmail.com
922,brandyn.raynor@hotmail.com
923,hettinger.joaquin@hotmail.com
924,neil.adams@yahoo.com
925,vicky56@kuhn.net
926,alek36@bauch.com
927,ford.lemke@bergstrom.com
928,lamont20@bergstrom.com
929,maybell.wolf@yahoo.com
930,qbeer@gmail.com
931,cummerata.luella@herzog.biz
932,frederick99@lueilwitz.org
933,sbatz@treutel.net
934,cleora.schumm@gmail.com
935,arden10@beier.com
936,aolson@langosh.info
937,thansen@gutkowski.com
938,monserrat.weimann@hotmail.com
939,hyatt.joshuah@bergnaum.net
940,crooks.rocio@gmail.com
941,parker.maryjane@carter.biz
942,ltrantow@halvorson.com
943,jose82@wolf.com
944,hailee.mraz@hettinger.info
945,cwehner@hotmail.com
946,misael.watsica@moen.org
947,russel45@reinger.com
948,joshuah75@yahoo.com
949,sbreitenberg@hotmail.com
950,bartoletti.stanton@aufderhar.com
951,leslie.schimmel@kilback.org
952,lexie.mueller@hotmail.com
953,kiel14@hotmail.com
954,elmer46@medhurst.com
955,jarvis12@hotmail.com
956,dillon81@gmail.com
957,idickens@gmail.com
958,cassin.alysson@beahan.com
959,hugh58@yahoo.com
960,donnell54@mertz.net
961,paula.wuckert@gmail.com
962,zskiles@walker.org
963,lina62@boyle.info
964,rwitting@yahoo.com
965,catherine00@stark.org
966,lsanford@lowe.com
967,armstrong.tracey@cummerata.com
968,karley.wiza@hotmail.com
969,yost.alessia@hotmail.com
970,gussie68@littel.com
971,leola11@hotmail.com
972,wbreitenberg@gmail.com
973,shields.aliya@gmail.com
974,maybelle.schmidt@gmail.com
975,wabernathy@gmail.com
976,ruecker.alfredo@ankunding.biz
977,christophe22@yahoo.com
978,alexandria.kunde@hotmail.com
979,emmitt.rice@hotmail.com
980,ofelia18@yahoo.com
981,carolyn77@hotmail.com
982,rroberts@hotmail.com
983,dicki.lulu@stanton.org
984,turner.mertz@hotmail.com
985,nienow.ebony@yahoo.com
986,msipes@gmail.com
987,wabbott@ryan.com
988,rodriguez.johnny@yahoo.com
989,alayna.swaniawski@gmail.com
990,bernier.albertha@armstrong.org
991,hugh09@yahoo.com
992,mills.clint@kautzer.com
993,qschulist@yahoo.com
994,hernser@yahoo.com
995,carley.torp@blanda.com
996,mossie.luettgen@hoppe.org
997,angus57@ratke.biz