id,first_name,last_name
5,Ashia,Pendrey
6,Jamill,Danilin
7,Pancho,Ladbrook
8,Anna-diana,Iacovelli
9,Deidre,Presdie
10,Dar,Filippone
11,Doyle,Speer
12,Anastasia,Blaycock
13,Rowney,Soanes
14,Teodor,Rous
15,Vale,Rubanenko
16,Bennie,Endecott
17,Gavra,Fieller
18,Philippe,Goligher
19,Nikolia,Yorke
20,Rochella,Cail
21,Jobey,Sabate
22,Walton,Segebrecht
23,Ewen,Castaignet
24,Robbi,MacKibbon
25,Gan,Haselhurst
26,Maddy,Wapol
27,Amby,Bulfield
28,Darrick,Bessett
29,Dedra,Hartnup
30,Konstanze,Neeves
31,Launce,Lanphier
32,Sully,Slight
33,Trista,Cheer
34,Curtice,Popelay
35,Godfree,Bambrick
36,Chevalier,Tettley
37,Toby,Hargrave
38,Mollie,Keegan
39,Ilyse,Cogan
40,Benedict,Brason
41,Dorothee,Browell
42,Lawton,Corrington
43,Elwin,Sibbe
44,Rey,Croisdall
45,Damon,Caroll
46,Ethelred,Leyburn
47,Constanta,Lansberry
48,Engracia,Scholard
49,Saw,Kretchmer
50,Corabella,Mioni
51,Caesar,Greedier
52,Leanor,Gaspero
53,Yorke,Dunmore
54,Gennie,Curley
55,Jeremias,Creeber
56,Annmarie,Mensler
57,Margret,Steggles
58,Ines,Mulloch
59,Elene,Aslum
60,Mike,Maskrey
61,Stan,Ciani
62,Daloris,Dysert
63,Wolfy,Denacamp
64,Rhodie,McRitchie
65,Octavia,Celli
66,Stevena,Georgius
67,Julio,Byre
68,Fionnula,Kelner
69,Bil,Webb-Bowen
70,Fonsie,Petracchi
71,Kerri,Cathesyed
72,Inga,Monelli
73,Ambrose,Weems
74,Carine,Esselen
75,Jourdan,Ridoutt
76,Wynnie,Shelliday
77,Barrett,Cottrill
78,Devy,Barge
79,Magdalen,Allery
80,Kareem,Dyton
81,Berenice,O'Heneghan
82,Saxon,Baxter
83,Germain,Glamart
84,Penny,Wogden
85,Constancia,Hanington
86,Wells,Olech
87,Roarke,Gorgler
88,Edithe,Blakiston
89,Basilio,Grolmann
90,Roseanna,Jessop
91,Angel,Jannaway
92,Gus,Camm
93,Rodrigo,Zamora
94,Genevra,Whaley
95,Alicea,Rainsdon
96,Elsbeth,Keable
97,Eduino,Doumer
98,Timothea,Gaven
99,Leonerd,Bunn
100,Will,Perkins
101,Arlin,Ffoulkes
102,Cecil,Medendorp
103,Chancey,Witherup
104,Darrick,Gogie
105,Kailey,Rowbrey
106,Cami,Troup
107,Nancee,Bracher
108,Donella,Shrieves
109,Lief,Musicka
110,Dianna,Gladdis
111,Dorthy,Washbrook
112,Cordi,Berni
113,Marcellus,Vasiltsov
114,Shermie,Brager
115,Jake,Riolfi
116,Pru,Rodenburg
117,Lenka,Murfett
118,Arley,Girardini
119,Barde,Tembey
120,Jolie,Binder
121,Wood,Skelding
122,Sidoney,Camfield
123,Rosina,Craske
124,Corny,Karpman
125,Mayer,Exer
126,Deane,Pennaman
127,Elnore,Pickworth
128,Cal,Audas
129,Berkley,Landre
130,Kelley,Fick
131,Fair,Drohun
132,Gates,Harriott
133,Darsey,Woltman
134,Jaquenetta,Deftie
135,Neville,Izod
136,Karla,Jaan
137,Tris,Welling
138,Fax,Caudle
139,Sharlene,Livard
140,Amble,Scimone
141,Lesley,Whanstall
142,Honey,Danhel
143,Clotilda,Golland
144,Patty,Wash
145,Sayers,Slator
146,Blanche,Patron
147,Auberon,Clementson
148,Roman,Masdon
149,Eustacia,Gawthrop
150,Annabela,Chaize
151,Crichton,De Stoop
152,Halimeda,McElvine
153,Olwen,MacKerley
154,Tobey,Peagrim
155,Mario,Kauscher
156,Wallie,Riba
157,Trisha,Farrar
158,Giacobo,Adolphine
159,Shaylah,Klaaassen
160,Bay,Warters
161,Conny,Clempton
162,Derick,Arkle
163,Jarred,Wykey
164,Myrta,Brisseau
165,Melamie,Dealy
166,Randie,Dumpleton
167,Brigitta,FitzGilbert
168,Giovanna,Vivers
169,Chantalle,Connick
170,Bamby,Itzhak
171,Corbin,Hain
172,Marcelle,Trew
173,Ambrosio,Mc-Kerley
174,Tove,Hince
175,Nathanael,Faustin
176,Angele,Mille
177,Bernardo,Gowans
178,Lethia,Ottee
179,Yetty,Simmell
180,Matthias,Semkins
181,Kiersten,Sweeten
182,Misha,Mordey
183,Barbabra,Salasar
184,Abbot,Abrahamsson
185,Ingaborg,Blinco
186,Waylan,Kingsnoad
187,Augustine,Janssen
188,Alfi,Franc
189,Prissie,Fewtrell
190,Tanya,Melato
191,Rosabelle,Regitz
192,Delphine,Biskupek
193,Bertie,Yukhtin
194,Karita,Hallowes
195,Vick,Roz
196,Lucais,Dowsett
197,Cooper,Sealey
198,Aymer,Issatt
199,Yurik,Bellie
200,Mirabella,Koomar
201,Iormina,Roizn
202,Charyl,Rosenfarb
203,Debora,Lauder
204,Norbie,Wanstall
205,Barton,Fluger
206,Hedvig,Posnette
207,Lydon,McCloughen
208,Wallis,Huncote
209,Angeli,Linnard
210,Chrotoem,Prothero
211,Alison,Ginsie
212,Fernando,Abbet
213,Gonzalo,Bole
214,Bartholemy,Jenny
215,Tedra,Rainford
216,Aeriel,Simner
217,Leann,Earwicker
218,Zara,Rame
219,Nanci,Presnall
220,Evania,McVitie
221,Ly,Sturdgess
222,Garrik,Wisam
223,Stefano,Mishaw
224,Coralie,Jesper
225,Maggie,Crafts
226,Paulina,Baff
227,Maribeth,Stefi
228,Daune,Sicely
229,Ashlin,Sandey
230,Olivie,Dosdill
231,Robb,Kenningley
232,Paton,Duffitt
233,Lydia,Stealey
234,Eda,Reditt
235,Eziechiele,Hagston
236,Kira,Schult
237,Inglebert,Wiltshire
238,Iorgo,Beaten
239,Andreana,Dedden
240,Maryl,Fripps
241,Lewiss,Harken
242,Joane,Dwire
243,Carter,Cassar
244,Hilda,Ainsley
245,Susie,Braiden
246,Kriste,Tomsa
247,Skipton,Boler
248,Orson,Piggens
249,Iosep,Cane
250,Di,Ravel
251,Sanson,Harvie
252,Domeniga,Ortiga
253,Diane-marie,Godwyn
254,Lorne,Garvey
255,Isidor,Otham
256,Hasty,Towle
257,Jeniffer,Beringer
258,Averil,Peascod
259,Maxi,Pinkney
260,Berget,Roggerone
261,Peder,Bramo
262,Anita,Artist
263,Betteann,Adamovsky
264,Genna,Sailes
265,Amberly,Pickwell
266,Leigh,Pistol
267,Wolfy,Enrigo
268,Desiree,McKern
269,Domenico,Andrey
270,Bartholomew,O'Kennedy
271,Lanita,Clemmey
272,Tildi,Faux
273,Carlene,Learned
274,Nananne,Hanham
275,Kylie,Menilove
276,Shepherd,Blasdale
277,Andras,Graeber
278,Kaiser,Spadoni
279,Joelie,Filippone
280,Trstram,Ashmole
281,Cherise,Lovelace
282,Kirsti,Gask
283,Orelia,Stubbin
284,Woodrow,Van Ross
285,Larina,Ballchin
286,Padriac,De La Haye
287,Kym,Collcutt
288,Noami,Quarrington
289,Wang,Francey
290,Nicolle,Siehard
291,Caleb,Goning
292,Alameda,Tunnick
293,Rik,Dotterill
294,Elna,Lowndes
295,Lu,Krates
296,Jon,Cumo
297,Holli,Mowsdill
298,Pansie,Coysh
299,Lewiss,Staff
300,Rubetta,Garraway
301,Wally,Ferentz
302,Frederigo,Forcade
303,Carlin,Weddup
304,Bryana,Fincken
305,Demetrius,Rockall
306,Dorey,Kurth
307,Guillema,Sidlow
308,Marisa,Ilbert
309,Betsey,Bunch
310,Biron,Brettoner
311,Bernardo,Tomini
312,Charmian,Riolfi
313,Bobbie,McQuaid
314,Decca,Chessell
315,Falkner,O'Hear
316,Ajay,Stove
317,Ronda,Barneveld
318,Tamiko,Huett
319,Danila,Burgess
320,Bennie,Beszant
321,Kaspar,Banker
322,Rafael,Keirle
323,Dodie,Abelwhite
324,Lee,Blacklock
325,Dietrich,Le-Good
326,Millard,Sutcliffe
327,Culver,Andrag
328,Corbie,Bomfield
329,Jacki,Albers
330,Freemon,Rabier
331,Fin,Megarrell
332,Drew,Slora
333,Dorice,Brocks
334,Marillin,Lindsay
335,Shanna,Pruckner
336,Rutledge,Tours
337,Egbert,Holstein
338,Wyndham,Lowth
339,Ulric,Burdas
340,Fanechka,Hinemoor
341,Sarita,Orr
342,Theodoric,Breche
343,Kirsten,Flament
344,Bevin,Golbourn
345,Gerik,Bonallack
346,Salem,Pedrollo
347,Anabelle,Vacher
348,Melonie,Carek
349,Mick,Binton
350,Tracey,Tapin
351,Nathan,Thayre
352,Micheal,Sutlieff
353,Neda,Buzine
354,Borg,Dewfall
355,Arnaldo,Andreix
356,Olivier,Labes
357,Gaylord,Cufflin
358,Rosaline,Robion
359,Dru,Yarnton
360,Aeriela,Goodge
361,Petunia,Lamburn
362,Tremayne,Venn
363,Ofilia,Tennick
364,Allina,Dax
365,Carter,Dudgeon
366,Rinaldo,Sarvar
367,Joletta,Parkey
368,Lurleen,Postgate
369,Evvy,Briscam
370,Jere,McLeese
371,Leela,Stenner
372,Britt,O'Doireidh
373,Lizabeth,Rafferty
374,Zitella,Ramelot
375,Deeann,Drewett
376,Brooks,Hachette
377,Eleni,Bergstram
378,Brendon,McNeillie
379,Harp,Gladdor
380,Minetta,Heams
381,Abramo,Lorens
382,Rolando,Beardow
383,Briant,Dunckley
384,Eugenie,Heaslip
385,Anselma,Daunter
386,Margalit,Vynarde
387,Rochette,Mewis
388,Lonna,Adds
389,Karoly,Tomankowski
390,Nikolos,Kermit
391,Marice,Boother
392,Trudy,Elfitt
393,Jessee,Beyne
394,Beauregard,Rosander
395,Sapphire,Wheeler
396,Clem,Bertlin
397,Brigitte,St Ledger
398,Barty,Sarjant
399,Ernaline,Snasdell
400,Addie,Hancill
401,Sherline,Britee
402,Nelson,Beeby
403,Hillary,Rodrigues
404,Patten,Dukesbury
405,Lukas,Cohani
406,Konstance,Chastelain
407,Hyacinthie,Astle
408,Travis,Dunge
409,Welby,Clifforth
410,Becca,Werndley
411,Lukas,Couchman
412,Judah,Ferrettini
413,Sawyer,Cobson
414,Darcy,Kingaby
415,Boris,Prosch
416,Casey,Disdel
417,Flory,Boyson
418,Natalie,Fretson
419,Araldo,Cortnay
420,Redford,Ivimy
421,Beitris,Murison
422,Ethan,Costy
423,Edita,Yantsurev
424,Kalila,Bowdler
425,Butch,Clue
426,Sebastien,Beardwell
427,Noah,Reditt
428,Rosina,Leddie
429,Konstantin,Ivens
430,Mufi,Covotto
431,Fred,Dunstan
432,Karyn,Guyonnet
433,Letty,Swains
434,Isadora,Millbank
435,Guthry,Fowells
436,Trevor,Spilisy
437,Wash,Castrillo
438,Madlin,Britian
439,Lynea,Siehard
440,Vale,Lancastle
441,Clotilda,Fluger
442,Teddie,McCrisken
443,Rock,Frean
444,Ethelred,Waterhouse
445,Veda,Whale
446,Loren,Olner
447,Ulrike,Zoane
448,Mallory,Levi
449,Der,Domke
450,Keary,Lusk
451,Justinian,Forkan
452,Saunder,Scotts
453,Durward,Atcock
454,Gerri,Hakonsson
455,Annemarie,Linskey
456,Chrystel,Sexon
457,Oralia,Di Pietro
458,Mychal,Robertet
459,Christi,Bittleson
460,Vittorio,Midlane
461,Filip,Bome
462,Cly,Boness
463,Hashim,Mountcastle
464,Tobiah,Metherell
465,Melissa,Yorston
466,Bridget,McGerraghty
467,Crystie,O'Hara
468,Bryon,Farrent
469,Danell,Piddletown
470,Aliza,Lambeth
471,Berne,Tizzard
472,Abbot,Read
473,Analise,Seggie
474,Emlynne,Danbi
475,Goran,Liverseege
476,Brennan,Soden
477,Grayce,Stanbro
478,Andras,Rudolfer
479,Hymie,Hacket
480,Eadie,Overell
481,Verile,Fidock
482,Isaac,Dunlap
483,Deidre,Afield
484,Matty,Grishukhin
485,Sigfrid,Crowche
486,Ban,Keay
487,Curtice,Mackelworth
488,Milo,Knight
489,Cal,Getley
490,Deanna,Giraudeau
491,Georgine,Koche
492,Perren,Keerl
493,Niki,Oldershaw
494,Ruby,Leile
495,Homere,Battman
496,Toiboid,Gell
497,Rockie,Extill
498,Tandie,Pabel
499,Aylmar,Lago
500,Tonya,Geeraert
501,Ermanno,Cornforth
502,Rodney,Seiler
503,Alyssa,Goldsberry
504,Nataline,Carbine
505,Belicia,Cousin
506,Roth,Wehden
507,Mei,Fenners
508,Tallie,Setterington
509,Noel,Tinline
510,Janaye,Dragoe
511,Garry,Pendre
512,Moishe,Roelofs
513,Tulley,Gurko
514,Adella,Tilson
515,Laverna,Poles
516,Vivienne,Sandell
517,Alecia,Clutton
518,Johnathon,Hunnam
519,Hillery,Gaudon
520,Shanan,Learmond
521,Neil,Klosa
522,Nelly,Beckensall
523,Nikolai,Ramalho
524,Cy,Sadd
525,Jan,Inch
526,Elke,Fer
527,Giselbert,Stollmeier
528,Curr,Gerber
529,Gail,Tees
530,Griselda,Rounding
531,King,Bertenshaw
532,Dorey,Jermy
533,Osborn,Jime
534,Judah,Gainseford
535,Allsun,Bundy
536,Adella,Valdes
537,Leese,Decourcy
538,Haley,Gatrell
539,Kahaleel,Vanacci
540,Gerry,Drever
541,Dre,Presnell
542,Glenn,Wimlett
543,Randene,Cardozo
544,Lexine,Vile
545,Vince,Peirson
546,Mandy,McCaskill
547,Sigrid,Thurlby
548,Randee,Kerslake
549,Stillmann,Jacobi
550,Salmon,Strothers
551,Isaac,Grzes
552,Shaun,Footer
553,Josiah,Rodrig
554,Andree,Tilburn
555,Flem,Rozet
556,Odie,Tregido
557,Noam,Broscombe
558,Lorita,Wallington
559,Kathe,Bleything
560,Kerk,Agirre
561,Harmonie,Brunsen
562,Etti,Fowlie
563,Dunn,Coch
564,Quintus,Brade
565,Giacomo,Woodberry
566,Ker,Roze
567,Suzi,Bohey
568,Hannie,Kermode
569,Henrik,Boyce
570,Samuele,Cosgrive
571,Mitchell,Killick
572,Jonas,Canadas
573,Ginger,De Filippi
574,Tobin,Blackater
575,Michaelina,Calken
576,Roderigo,Risebrow
577,Baxy,Mackneis
578,Elston,Ronca
579,Leroy,Yeulet
580,Ernest,Carlson
581,Giulietta,Dikles
582,Felice,MacCourt
583,Morty,Levane
584,Pernell,Sutter
585,Harrison,Oulett
586,Helyn,Sarfatti
587,Malva,Merali
588,Thekla,Kinkead
589,Benito,Cromwell
590,Carry,Strowlger
591,Clementina,Detoile
592,Stephie,Beardmore
593,Sutherland,Torrecilla
594,Philippine,Fry
595,Hammad,Gullis
596,Aluin,Wing
597,Leonardo,Oakley
598,Leesa,De Morena
599,Inger,Mustarde
600,Marquita,McKitterick
601,Merola,Sulter
602,Cristi,Bonsall
603,Nonah,Pinnion
604,Mada,Matschke
605,Caesar,Ferrarello
606,Malinda,Engel
607,Gawain,Burnage
608,Nolan,Stang-Gjertsen
609,Bar,Ben-Aharon
610,Anastasia,Cammacke
611,Korey,Filan
612,Charmane,Ablett
613,Brennan,Haighton
614,Avery,Baldery
615,Mindy,Edlington
616,Terri-jo,Bufton
617,Merry,Rubinlicht
618,Sansone,Pain
619,Reggis,Benedicto
620,Myriam,Henke
621,Dale,Beaconsall
622,Freedman,O'Shesnan
623,Nancy,Chitter
624,Milly,Notton
625,Evangelin,Sartin
626,Eb,Ferroni
627,Udell,Kingzett
628,Katrinka,Sharpley
629,Sheffie,Phizackerly
630,Beret,Godber
631,Normand,Clemence
632,Dorie,O'Malley
633,Baillie,Tunno
634,Sherye,Scottesmoor
635,Atalanta,Capini
636,Kristen,Littlepage
637,Kendra,Robbeke
638,Kinny,Ingrem
639,Amber,Byne
640,Frannie,Haggart
641,Forester,McMonnies
642,Giacomo,Baudino
643,Mariellen,Bostick
644,Vere,Inkster
645,Waldo,Balmer
646,Rozamond,De Mattei
647,Birgitta,Boldock
648,Rufe,Fenech
649,Lissi,Rakestraw
650,Ronnie,Mary
651,Pollyanna,Ommundsen
652,Biddy,Spaven
653,Rickard,Davids
654,Christoffer,Edmand
655,Lenard,Bruhke
656,Cherrita,D'Adda
657,Tracy,Keir
658,Dacey,Scarborough
659,Thurston,Tuther
660,Riane,Scarlon
661,Carleton,Shavel
662,Neilla,Cotes
663,Saunderson,O'Hartagan
664,Dredi,Venner
665,Meg,Hallford
666,Demetria,Headingham
667,Bronny,Ramsdale
668,Jimmie,Harmant
669,Kit,Meys
670,Petronella,Dobbson
671,Arluene,Berzen
672,Delora,Irce
673,Kylie,O'Downe
674,Kania,Gribbin
675,Fabiano,O' Markey
676,Blake,Hestrop
677,Roosevelt,Dobbing
678,Woodrow,Jupe
679,Maynord,Leaning
680,Tamas,McMackin
681,Sky,Bullivent
682,Inglis,O'Dempsey
683,Melisse,Leese
684,Shane,McGonigle
685,Magdalene,Berrane
686,Moishe,Grigorian
687,Shela,Stonelake
688,Prentice,Tonnesen
689,Hillyer,Habbin
690,Garret,Ord
691,Dru,Schrei
692,Remy,Toma
693,Dorie,Bridge
694,Zachery,Plante
695,Julia,Vecard
696,De witt,Rickett
697,Lenora,Guare
698,Nikki,Ambresin
699,Darrelle,Kloska
700,Dagny,Kenyon
701,Dwayne,Bubeer
702,Galina,Oakly
703,Mathew,Bowskill
704,Adham,Ruff
705,Sissy,Manifould
706,Fernandina,Sherland
707,Jereme,Larrosa
708,Poul,Tosney
709,Florella,Yaus
710,Brantley,Coppock.
711,Misty,Lynd
712,Javier,McMeekin
713,Igor,Bome
714,Gloria,Island
715,Genny,Butfield
716,Rocky,Glamart
717,Baxter,Hembery
718,Angelo,Houndesome
719,Stevie,Shalloe
720,Dennie,Knee
721,Willi,Mingey
722,Cammy,Salzberg
723,Kalila,Farge
724,Amelita,Sutter
725,Corry,Jagson
726,Elfrieda,Burdoun
727,Brynna,Houchen
728,Jolene,McKeurtan
729,Darryl,Yanne
730,Faith,Frudd
731,Mile,Sprowson
732,Terrance,Quinlan
733,Asher,Wyley
734,Ashely,Courtney
735,Hillel,Hodge
736,Audrye,McCrie
737,Laurent,Straun
738,Abagael,Cleft
739,Niccolo,Loveard
740,Bamby,Cronkshaw
741,Felicdad,Dibdall
742,Laurella,Remmer
743,Myron,Cawood
744,Gregorius,Milson
745,Reggy,Gittus
746,Urban,Cochet
747,Noellyn,Falco
748,Jermaine,Densumbe
749,Dasha,Mabbitt
750,Gus,Liven
751,Remington,Nellen
752,Sergio,Kewley
753,Clarette,Bygrave
754,Brok,Balducci
755,Lorrie,Coultous
756,Vinnie,Niblo
757,Bary,Daniely
758,Tierney,Ganning
759,Vernen,Foottit
760,Kenyon,Bontoft
761,Bengt,Fincher
762,Yolane,Djekic
763,Alleyn,Durtnal
764,Shoshana,Reicherz
765,Brander,Causon
766,Jeannine,Winteringham
767,Krishna,Djordjevic
768,Katlin,Klaves
769,Anna-diane,Gallear
770,Ruben,Elwill
771,Leslie,Gwyneth
772,Tabina,Schule
773,Callean,Sidebottom
774,Jerrilee,Tonnesen
775,Town,Buckhurst
776,Wolfy,Firle
777,Carly,Ulyet
778,Ennis,Craigs
779,Christen,Stuckley
780,Ruthy,Donnison
781,Bel,Pritchard
782,Waring,Cousins
783,Amelie,Tench
784,Margette,Walentynowicz
785,Ellen,Leggon
786,Orlando,Tomlins
787,Torrin,Plumbe
788,Brittany,Cessford
789,Gerald,Layson
790,Farr,Shildrake
791,Krishna,Murtell
792,Franni,Rowesby
793,Caron,Di Gregorio
794,Noella,Toor
795,Katalin,McSherry
796,Floyd,Willimot
797,Moses,Jacob
798,Miran,Farady
799,Sanson,Veldman
800,Sharon,Jahnisch
801,Duky,Antliff
802,Elena,Paulin
803,Rodrigo,Oxbury
804,Emmalynne,Kirkwood
805,Allene,Balffye
806,Mallorie,Menichillo
807,Prentiss,Redhills
808,Joel,Davidwitz
809,Klara,Quickfall
810,Ravid,Phillip
811,Lulita,Duckinfield
812,Sam,Haggis
813,Cornelius,Gutans
814,Robyn,Berger
815,Rivkah,Corke
816,Mae,Benmore
817,Cyrillus,Mizzen
818,Clair,McGuffie
819,Kennan,Gillbey
820,Kaile,Wray
821,Warren,Ilyinski
822,Happy,Jon
823,Baird,Turrell
824,Vince,Gudeman
825,Abelard,McKernon
826,Irwinn,Swanborough
827,Ade,Bottrill
828,Christophe,Boundy
829,Anna-maria,Merrydew
830,Dasie,Lempel
831,Leeann,Woloschin
832,Ermentrude,Fairbank
833,Jessa,Trolley
834,Amerigo,Emm
835,Zerk,Styan
836,Steve,Brecknall
837,Ruperto,Bass
838,Ansley,Halshaw
839,Anatol,Verity
840,Murdock,Hegdonne
841,Ambrosi,Ondracek
842,Velma,Winspurr
843,Hobie,Lackney
844,Cassius,O'Dogherty
845,Tanney,Skittle
846,Gavra,Hendren
847,Kamila,Elgey
848,Daveta,Hamon
849,Bondie,Taffs
850,Myrah,Guiness
851,Rasla,Thomke
852,Saunderson,Mooring
853,Catharina,Lebarree
854,Anatol,Bremmer
855,Normy,Hauxwell
856,Collen,Shildrick
857,Layne,Attew
858,Sandie,Janusik
859,Kayla,Winspear
860,Edgar,Abel
861,Waneta,Bouttell
862,Rosamund,Holehouse
863,Claire,Kelling
864,Read,Janikowski
865,Candie,Abberley
866,Hansiain,Pie
867,Findlay,Finkle
868,Dorise,Drever
869,Ingra,Sotworth
870,Harli,Dawes
871,Jasun,Beddis
872,Luther,Carnelley
873,Waneta,Chace
874,Arluene,Flipsen
875,Susan,Feary
876,Booth,Wharton
877,Dael,Baylie
878,Persis,Crockatt
879,Cinderella,Griffey
880,Pippy,Dovinson
881,Lancelot,Turfrey
882,Isabeau,Bendtsen
883,Derwin,Baldoni
884,Frayda,Sharpin
885,Ethe,Huws
886,Chanda,Doiley
887,Lilah,Hadlington
888,Davie,Wolffers
889,Lorrie,Crosse
890,Orton,Jannex
891,Artus,Dales
892,Kamila,Le Monnier
893,Guillemette,Carillo
894,Othello,Cristoforo
895,Madonna,Comford
896,Clayton,Salvatore
897,Shannan,Mattocks
898,Curtice,Gilmartin
899,Lyndy,Sheldon
900,Sheilah,Baythrop
901,Halsy,Shoreson
902,Phyllida,Vanes
903,Yard,Kenn
904,Marlowe,Josef
905,Hernando,Martygin
906,Roseanna,Hoyes
907,Onfroi,Itter
908,Gabriello,Opie
909,Ruperto,Lilion
910,Lilia,Medlin
911,Kiersten,Mussolini
912,Georgeanna,Wyldes
913,Seth,Sawter
914,Otha,Desson
915,Orv,By
916,Bastien,Bamfield
917,Cristi,Sholl
918,Cilka,Bourgaize
919,Zenia,Bonney
920,Angie,de Vaen
921,Audie,Liggins
922,Kippar,Penkethman
923,Julio,Batten
924,Harriet,Le Cornu
925,Andrey,Seago
926,Leanna,Signoret
927,Row,Strutley
928,Randa,Wilkerson
929,Mignonne,Thurber
930,Daloris,Emerine
931,Ysabel,Colbrun
932,Savina,Labon
933,Freeman,Gotfrey
934,Carie,Ashford
935,Andreana,Plampeyn
936,Kristal,Harefoot
937,Hewe,Wagstaff
938,Terrill,Balogh
939,Eward,Krzyzanowski
940,Joela,Kemwal
941,Georg,Mowett
942,Jedd,M'Quharge
943,Oliviero,Kestle
944,Farra,Pitkethly
945,Terrill,Tampin
946,Tedie,Casebourne
947,Linc,Longina
948,Erroll,Ivins
949,Kincaid,Pentycross
950,Oberon,Shailer
951,Betta,Posselt
952,Giavani,Feak
953,Maddi,Shutt
954,Lauritz,Froment
955,Anjanette,Kaine
956,Tod,Lamkin
957,Carver,Priestland
958,Cariotta,Cuel
959,Paulette,Rihosek
960,Wolf,Edden
961,Denna,Bottjer
962,Muffin,Strut
963,Michal,Beggin
964,Kattie,Kirkam
965,Kassey,Whatman
966,Esmaria,Jedrychowski
967,Marv,Suttell
968,Jacquenette,Wivell
969,Basia,Cran
970,Deeanne,Duffyn
971,Adriaens,Hissett
972,Gustavo,Bosden
973,Fifi,Jantel
974,Harriott,Leahy
975,Rica,Raff
976,Rene,Maryman
977,Merry,Berni
978,Lorelei,Dobrowolski
979,Matthias,Pamment
980,Gardie,Ransley
981,Heddie,Ketchaside
982,Pepe,Ithell
983,Alejandrina,Tunbridge
984,Franklin,Prestner
985,Lesly,Stealey
986,Bram,O'Flynn
987,Abey,Kiffin
988,Jerrylee,Steffans
989,Bert,Greenstead
990,Nananne,Albasiny
991,Florence,Phelps
992,Derwin,Garnham
993,Brockie,Nevin
994,Conrad,Tapp
995,Cherianne,Rulton
996,Dewitt,Ingry
997,Herb,Peppin
998,Susi,Garrattley
999,Ari,Cardinal
1000,Constantine,Capoun
